{
    "mean_squared_error": 32997.38264056792,
    "mean_absolute_error": 180.88177253862912,
    "root_mean_squared_error": 181.651817058261,
    "r_squared": -988333.4021871613
}