{
    "mean_squared_error": 228.4282126635576,
    "mean_absolute_error": 11.360556429589701,
    "root_mean_squared_error": 15.113841757262035,
    "r_squared": 0.7253022230984265
}