{
    "timestamp": "20250417_224940",
    "stock_symbol": "AAPL",
    "metrics": {
        "MSE": 4272.684967481108,
        "RMSE": 65.36577825958403,
        "MAE": 63.52798938751221,
        "R2 Score": -17.057147217497167
    },
    "parameters": {
        "lstm_units": 150,
        "learning_rate": 0.01,
        "epochs": 5,
        "batch_size": 32
    }
}