{
    "timestamp": "20250417_224935",
    "stock_symbol": "AAPL",
    "metrics": {
        "MSE": 583.6024962134254,
        "RMSE": 24.157866135348655,
        "MAE": 20.025051116943366,
        "R2 Score": -1.4664107629814978
    },
    "parameters": {
        "lstm_units": 150,
        "learning_rate": 0.001,
        "epochs": 5,
        "batch_size": 32
    }
}