{
    "timestamp": "20250417_224916",
    "stock_symbol": "AAPL",
    "metrics": {
        "MSE": 696.0486665083156,
        "RMSE": 26.38273425004155,
        "MAE": 22.572141647338874,
        "R2 Score": -1.9416288205991674
    },
    "parameters": {
        "lstm_units": 50,
        "learning_rate": 0.001,
        "epochs": 5,
        "batch_size": 32
    }
}