{
    "timestamp": "20250417_224925",
    "stock_symbol": "AAPL",
    "metrics": {
        "MSE": 582.5362134046738,
        "RMSE": 24.135786985401445,
        "MAE": 20.191152572631843,
        "R2 Score": -1.461904457040467
    },
    "parameters": {
        "lstm_units": 100,
        "learning_rate": 0.001,
        "epochs": 5,
        "batch_size": 32
    }
}